,NumOpioids,NumOpioids,NumOpioids,NumOpioids,NumOpioids,NumOpioids,NumOpioids,NumOpioids,NumPrescriptions,NumPrescriptions,NumPrescriptions,NumPrescriptions,NumPrescriptions,NumPrescriptions,NumPrescriptions,NumPrescriptions,OpiodPrescribedVsPrescriptions,OpiodPrescribedVsPrescriptions,OpiodPrescribedVsPrescriptions,OpiodPrescribedVsPrescriptions,OpiodPrescribedVsPrescriptions,OpiodPrescribedVsPrescriptions,OpiodPrescribedVsPrescriptions,OpiodPrescribedVsPrescriptions,Opioid.Prescriber,Opioid.Prescriber,Opioid.Prescriber,Opioid.Prescriber,Opioid.Prescriber,Opioid.Prescriber,Opioid.Prescriber,Opioid.Prescriber
,count,mean,std,min,25%,50%,75%,max,count,mean,std,min,25%,50%,75%,max,count,mean,std,min,25%,50%,75%,max,count,mean,std,min,25%,50%,75%,max
Specialty,,,,,,,,,,,,,,,,,,,,,,,,,,,,,,,,
Addiction Medicine,3.0,1167.0,1996.241217889261,0.0,14.5,29.0,1750.5,3472.0,3.0,1810.0,3099.5165752097537,12.0,20.5,29.0,2709.0,5389.0,3.0,0.548091791921816,0.5068909758032331,0.0,0.32213768788272407,0.6442753757654481,0.822137687882724,1.0,3.0,0.6666666666666666,0.5773502691896258,0.0,0.5,1.0,1.0,1.0
Allergy/Immunology,119.0,2.319327731092437,19.946085284794417,0.0,0.0,0.0,0.0,216.0,119.0,491.12605042016804,563.4001882429884,11.0,143.0,285.0,646.0,3267.0,119.0,0.0015960857339127681,0.009548223952711155,0.0,0.0,0.0,0.0,0.07224080267558529,119.0,0.058823529411764705,0.23628902321631964,0.0,0.0,0.0,0.0,1.0
Anesthesiology,138.0,507.5072463768116,968.5919741335181,0.0,0.0,85.5,529.5,5793.0,138.0,906.0144927536232,1581.5662475561576,11.0,27.75,173.5,971.0,9331.0,138.0,0.38380556828966594,0.33385979490083234,0.0,0.0,0.459830866807611,0.6566378561096124,1.0,138.0,0.6739130434782609,0.47048729945952145,0.0,0.0,1.0,1.0,1.0
Behavioral Analyst,1.0,0.0,,0.0,0.0,0.0,0.0,0.0,1.0,12.0,,12.0,12.0,12.0,12.0,12.0,1.0,0.0,,0.0,0.0,0.0,0.0,0.0,1.0,0.0,,0.0,0.0,0.0,0.0,0.0
CRNA,6.0,2.1666666666666665,5.30722777603022,0.0,0.0,0.0,0.0,13.0,6.0,34.833333333333336,19.11456687101925,11.0,18.25,39.5,48.75,56.0,6.0,0.16666666666666666,0.408248290463863,0.0,0.0,0.0,0.0,1.0,6.0,0.16666666666666666,0.408248290463863,0.0,0.0,0.0,0.0,1.0
Cardiac Electrophysiology,29.0,5.103448275862069,11.818100003161637,0.0,0.0,0.0,0.0,51.0,29.0,1107.2413793103449,1085.1411907861975,66.0,409.0,739.0,1377.0,4161.0,29.0,0.006307823607159765,0.01568722622517336,0.0,0.0,0.0,0.0,0.07090464547677261,29.0,0.3448275862068966,0.48372528131497444,0.0,0.0,0.0,1.0,1.0
Cardiac Surgery,19.0,51.68421052631579,47.77383364653239,0.0,22.5,37.0,65.5,188.0,19.0,334.6842105263158,532.2625764530112,11.0,60.5,125.0,361.0,2152.0,19.0,0.26544968310545414,0.20535710441075009,0.0,0.08382890651948949,0.2556390977443609,0.43610941008369053,0.6132075471698113,19.0,0.8421052631578947,0.3746343246326776,0.0,1.0,1.0,1.0,1.0
Cardiology,679.0,12.661266568483063,54.794495278702186,0.0,0.0,0.0,0.0,917.0,679.0,2707.762886597938,2863.2746334547032,11.0,672.0,1979.0,3810.0,28452.0,679.0,0.004543834364061037,0.03977542863724534,0.0,0.0,0.0,0.0,1.0,679.0,0.23122238586156113,0.42192508215957153,0.0,0.0,0.0,0.0,1.0
Certified Clinical Nurse Specialist,70.0,9.042857142857143,29.768398629012914,0.0,0.0,0.0,0.0,191.0,70.0,1052.5714285714287,2006.7755705300453,12.0,54.0,314.5,1057.75,10684.0,70.0,0.055762015722945604,0.19381260414527676,0.0,0.0,0.0,0.0,1.0,70.0,0.17142857142857143,0.3796042398103419,0.0,0.0,0.0,0.0,1.0
Certified Nurse Midwife,16.0,5.125,20.5,0.0,0.0,0.0,0.0,82.0,16.0,75.9375,148.41314800245968,11.0,12.0,24.0,59.0,605.0,16.0,0.008471074380165288,0.033884297520661154,0.0,0.0,0.0,0.0,0.13553719008264462,16.0,0.0625,0.25,0.0,0.0,0.0,0.0,1.0
Chiropractic,1.0,0.0,,0.0,0.0,0.0,0.0,0.0,1.0,14.0,,14.0,14.0,14.0,14.0,14.0,1.0,0.0,,0.0,0.0,0.0,0.0,0.0,1.0,0.0,,0.0,0.0,0.0,0.0,0.0
Clinic/Center,5.0,63.2,97.09119424541034,0.0,14.0,31.0,36.0,235.0,5.0,1020.4,1173.8404065289283,14.0,152.0,981.0,1000.0,2955.0,5.0,0.06683416857236464,0.08235230320079977,0.0,0.014,0.03669724770642202,0.07952622673434856,0.20394736842105263,5.0,0.8,0.4472135954999579,0.0,1.0,1.0,1.0,1.0
Clinical Pharmacology,1.0,156.0,,156.0,156.0,156.0,156.0,156.0,1.0,1555.0,,1555.0,1555.0,1555.0,1555.0,1555.0,1.0,0.10032154340836012,,0.10032154340836012,0.10032154340836012,0.10032154340836012,0.10032154340836012,0.10032154340836012,1.0,1.0,,1.0,1.0,1.0,1.0,1.0
Colon & Rectal Surgery,3.0,0.0,0.0,0.0,0.0,0.0,0.0,0.0,3.0,14.333333333333334,5.773502691896257,11.0,11.0,11.0,16.0,21.0,3.0,0.0,0.0,0.0,0.0,0.0,0.0,0.0,3.0,0.3333333333333333,0.5773502691896258,0.0,0.0,0.0,0.5,1.0
Colorectal Surgery (formerly proctology),31.0,25.0,25.6098939214255,0.0,0.0,16.0,37.5,82.0,31.0,70.6774193548387,73.98756070979057,12.0,27.0,45.0,70.0,345.0,31.0,0.38883347300034277,0.35475689586482034,0.0,0.0,0.37209302325581395,0.6148852459016394,1.0,31.0,0.8709677419354839,0.3407771005482388,0.0,1.0,1.0,1.0,1.0
Community Health Worker,1.0,135.0,,135.0,135.0,135.0,135.0,135.0,1.0,38054.0,,38054.0,38054.0,38054.0,38054.0,38054.0,1.0,0.0035475902664634466,,0.0035475902664634466,0.0035475902664634466,0.0035475902664634466,0.0035475902664634466,0.0035475902664634466,1.0,1.0,,1.0,1.0,1.0,1.0,1.0
Counselor,6.0,0.0,0.0,0.0,0.0,0.0,0.0,0.0,6.0,99.66666666666667,165.32110169807927,11.0,12.25,37.5,65.75,433.0,6.0,0.0,0.0,0.0,0.0,0.0,0.0,0.0,6.0,0.0,0.0,0.0,0.0,0.0,0.0,0.0
Critical Care (Intensivists),29.0,4.482758620689655,9.194799343942721,0.0,0.0,0.0,0.0,37.0,29.0,613.3448275862069,1000.3625155720183,11.0,47.0,226.0,806.0,4773.0,29.0,0.110161028666779,0.30910252394733573,0.0,0.0,0.0,0.0,1.0,29.0,0.3793103448275862,0.49380397379124,0.0,0.0,0.0,1.0,1.0
Dentist,2771.0,9.144352219415374,20.660311444738344,0.0,0.0,0.0,13.0,256.0,2771.0,55.4853843377842,87.44017894885938,11.0,18.0,33.0,64.0,2656.0,2771.0,0.11857939978897643,0.22505923839882117,0.0,0.0,0.0,0.18881461675579322,1.0,2771.0,0.38108985925658606,0.48574224294314644,0.0,0.0,0.0,1.0,1.0
Dermatology,343.0,7.5830903790087465,32.19718949651139,0.0,0.0,0.0,0.0,285.0,343.0,329.09037900874637,372.076417189807,11.0,101.5,223.0,429.0,3817.0,343.0,0.019823457477996156,0.0748321788656757,0.0,0.0,0.0,0.0,0.6764705882352942,343.0,0.17784256559766765,0.38293878818006105,0.0,0.0,0.0,0.0,1.0
Diagnostic Radiology,46.0,3.6956521739130435,7.941087429641951,0.0,0.0,0.0,0.0,36.0,46.0,47.23913043478261,70.25261870409251,11.0,12.0,15.5,50.75,359.0,46.0,0.14023169865320553,0.32015699985728324,0.0,0.0,0.0,0.0,1.0,46.0,0.2391304347826087,0.4312659714888844,0.0,0.0,0.0,0.0,1.0
Emergency Medicine,1081.0,64.22386679000925,121.01708566331243,0.0,18.0,37.0,66.0,1862.0,1081.0,371.0730804810361,1647.5404758773902,11.0,36.0,88.0,191.0,30532.0,1081.0,0.47996730656239034,0.30072226347665193,0.0,0.3023255813953488,0.4506578947368421,0.6351351351351351,1.0,1081.0,0.9620721554116559,0.19111020277209334,0.0,1.0,1.0,1.0,1.0
Endocrinology,152.0,17.00657894736842,108.9336937100041,0.0,0.0,0.0,0.0,1305.0,152.0,2146.3618421052633,3162.261548321278,16.0,455.5,1313.5,2760.25,25154.0,152.0,0.002646217815368894,0.008825067589381326,0.0,0.0,0.0,0.0,0.07017543859649122,152.0,0.20394736842105263,0.4042623204079725,0.0,0.0,0.0,0.0,1.0
Family Medicine,10.0,21.7,44.83810383541609,0.0,0.0,5.5,12.0,145.0,10.0,475.4,457.88334273650486,11.0,23.5,424.0,803.25,1178.0,10.0,0.144803329845052,0.3222720341551586,0.0,0.0,0.006578947368421052,0.030022393302499853,1.0,10.0,0.6,0.5163977794943222,0.0,0.0,1.0,1.0,1.0
Family Practice,2967.0,197.02965958881023,296.9321285040553,0.0,16.0,86.0,265.0,4941.0,2967.0,3512.7458712504213,4538.38672208973,11.0,439.0,2009.0,5033.5,56280.0,2967.0,0.0698684243054464,0.11975005042067818,0.0,0.0165400470712882,0.0446584938704028,0.07759070614753949,1.0,2967.0,0.8854061341422312,0.3185848712111928,0.0,1.0,1.0,1.0,1.0
Gastroenterology,394.0,10.66751269035533,60.6979222989197,0.0,0.0,0.0,0.0,1038.0,394.0,729.2969543147208,1364.7213383841704,12.0,187.75,460.5,850.0,16046.0,394.0,0.009213141689016961,0.029028825405680088,0.0,0.0,0.0,0.0,0.25206611570247933,394.0,0.27918781725888325,0.4491703975774166,0.0,0.0,0.0,1.0,1.0
General Acute Care Hospital,6.0,2.6666666666666665,6.531972647421808,0.0,0.0,0.0,0.0,16.0,6.0,33.5,14.6935359937627,12.0,27.5,32.0,41.0,55.0,6.0,0.09195402298850575,0.2252404361179934,0.0,0.0,0.0,0.0,0.5517241379310345,6.0,0.16666666666666666,0.408248290463863,0.0,0.0,0.0,0.0,1.0
General Practice,176.0,170.7159090909091,307.64630707964017,0.0,0.0,38.0,185.0,2211.0,176.0,3245.318181818182,5600.136018849042,11.0,165.75,827.0,3714.0,45161.0,176.0,0.12516487245770572,0.2370951602876425,0.0,0.0,0.03709519228553161,0.10271874831938906,1.0,176.0,0.7443181818181818,0.43748840429902125,0.0,0.0,1.0,1.0,1.0
General Surgery,484.0,47.97314049586777,92.51873125578975,0.0,15.0,30.5,58.25,1799.0,484.0,154.4793388429752,615.9625650636656,11.0,24.0,53.0,110.25,10147.0,484.0,0.626348275488634,0.3781555783841603,0.0,0.28323037178479166,0.7071150097465887,1.0,1.0,484.0,0.9070247933884298,0.2906981519258138,0.0,1.0,1.0,1.0,1.0
Geriatric Medicine,59.0,239.01694915254237,348.0266285653037,0.0,29.0,89.0,298.5,1840.0,59.0,5144.661016949152,6338.55245796859,13.0,1103.5,3075.0,6119.5,29942.0,59.0,0.047323996549535945,0.045773176016265335,0.0,0.01939105367149289,0.036396724294813464,0.058865880797752665,0.23709902370990238,59.0,0.9152542372881356,0.2808936228404367,0.0,1.0,1.0,1.0,1.0
Geriatric Psychiatry,4.0,3.25,6.5,0.0,0.0,0.0,3.25,13.0,4.0,1621.25,2127.4747746252287,102.0,460.5,811.5,1972.25,4760.0,4.0,0.031862745098039214,0.06372549019607843,0.0,0.0,0.0,0.031862745098039214,0.12745098039215685,4.0,0.25,0.5,0.0,0.0,0.0,0.25,1.0
Gynecological/Oncology,21.0,28.333333333333332,40.68087183595422,0.0,0.0,13.0,38.0,171.0,21.0,90.71428571428571,91.33846005771218,11.0,23.0,63.0,106.0,342.0,21.0,0.4583723307230238,0.4266969924163987,0.0,0.0,0.5,0.8095238095238095,1.0,21.0,0.8095238095238095,0.40237390808147827,0.0,1.0,1.0,1.0,1.0
Hand Surgery,39.0,88.46153846153847,61.14385374019558,15.0,39.5,82.0,119.5,257.0,39.0,119.74358974358974,91.46806113517033,15.0,46.5,100.0,154.0,399.0,39.0,0.8111801706834072,0.19279040190776744,0.36162361623616235,0.6421548452005306,0.795,1.0,1.0,39.0,1.0,0.0,1.0,1.0,1.0,1.0,1.0
Health Maintenance Organization,1.0,49.0,,49.0,49.0,49.0,49.0,49.0,1.0,2298.0,,2298.0,2298.0,2298.0,2298.0,2298.0,1.0,0.02132288946910357,,0.02132288946910357,0.02132288946910357,0.02132288946910357,0.02132288946910357,0.02132288946910357,1.0,1.0,,1.0,1.0,1.0,1.0,1.0
Hematology,24.0,49.833333333333336,89.8726957939694,0.0,0.0,14.5,74.75,415.0,24.0,372.9166666666667,757.2976507847214,12.0,36.5,125.5,324.75,3676.0,24.0,0.2407812517004054,0.33533986400151644,0.0,0.0,0.09853172038045988,0.31201923076923077,1.0,24.0,0.7916666666666666,0.4148511169990534,0.0,1.0,1.0,1.0,1.0
Hematology/Oncology,214.0,79.97196261682242,103.09879103346448,0.0,14.25,52.0,98.0,682.0,214.0,348.6448598130841,383.92128624821953,13.0,94.75,220.5,439.25,2192.0,214.0,0.22757410485724522,0.19169819646206543,0.0,0.0798502707868748,0.20884670062788768,0.34529780564263324,1.0,214.0,0.9158878504672897,0.2782067096224063,0.0,1.0,1.0,1.0,1.0
Homeopath,2.0,0.0,0.0,0.0,0.0,0.0,0.0,0.0,2.0,50.0,26.870057685088806,31.0,40.5,50.0,59.5,69.0,2.0,0.0,0.0,0.0,0.0,0.0,0.0,0.0,2.0,0.0,0.0,0.0,0.0,0.0,0.0,0.0
Hospice and Palliative Care,13.0,148.30769230769232,246.17181825416998,0.0,0.0,70.0,143.0,874.0,13.0,659.3846153846154,1588.1185166973287,11.0,30.0,82.0,384.0,5845.0,13.0,0.42331247824644813,0.41108916602935885,0.0,0.0,0.5333333333333333,0.8387715930902111,1.0,13.0,0.8461538461538461,0.37553380809940534,0.0,1.0,1.0,1.0,1.0
Hospital (Dmercs Only),3.0,0.0,0.0,0.0,0.0,0.0,0.0,0.0,3.0,136.66666666666666,130.8523340767498,18.0,66.5,115.0,196.0,277.0,3.0,0.0,0.0,0.0,0.0,0.0,0.0,0.0,3.0,0.0,0.0,0.0,0.0,0.0,0.0,0.0
Hospitalist,11.0,5.7272727272727275,10.412405188916816,0.0,0.0,0.0,6.0,26.0,11.0,162.27272727272728,147.2393228109196,15.0,50.5,113.0,266.5,453.0,11.0,0.04695656246687967,0.12642754378853324,0.0,0.0,0.0,0.017699115044247787,0.423728813559322,11.0,0.45454545454545453,0.5222329678670934,0.0,0.0,0.0,1.0,1.0
Infectious Disease,117.0,50.58119658119658,231.45570959786752,0.0,0.0,0.0,17.0,2366.0,117.0,548.3675213675214,1572.3354450290387,11.0,48.0,131.0,352.0,15681.0,117.0,0.045498848683473016,0.11448963305891656,0.0,0.0,0.0,0.04582210242587601,1.0,117.0,0.4188034188034188,0.49548506778913537,0.0,0.0,0.0,1.0,1.0
Internal Medicine,3162.0,162.99841872232764,300.6691025087983,0.0,0.0,32.0,191.0,3021.0,3162.0,3574.932321315623,5266.4228528616,11.0,110.0,1253.0,5306.75,51178.0,3162.0,0.05926175844206261,0.1280014190353143,0.0,0.0,0.026771141242644438,0.06060566590037675,1.0,3162.0,0.7586970271979759,0.4279413104453908,0.0,1.0,1.0,1.0,1.0
Interventional Pain Management,46.0,1169.4782608695652,2382.207526542746,0.0,115.5,628.5,1310.75,15234.0,46.0,2151.1304347826085,4037.920799447247,11.0,274.0,903.5,2049.75,21696.0,46.0,0.6031863370686934,0.22405830089746634,0.0,0.5361901877649909,0.6197595792637115,0.7267085657731387,1.0,46.0,0.9565217391304348,0.2061845709423622,0.0,1.0,1.0,1.0,1.0
Interventional Radiology,11.0,13.818181818181818,32.52942723694403,0.0,0.0,0.0,6.0,107.0,11.0,91.0,90.22638195117878,12.0,19.0,69.0,127.0,309.0,11.0,0.1795011351973377,0.3453373515082179,0.0,0.0,0.0,0.14864864864864866,1.0,11.0,0.2727272727272727,0.46709936649691375,0.0,0.0,0.0,0.5,1.0
Legal Medicine,3.0,3.6666666666666665,6.3508529610858835,0.0,0.0,0.0,5.5,11.0,3.0,126.66666666666667,170.11858609021334,11.0,29.0,47.0,184.5,322.0,3.0,0.07801418439716312,0.1351245310869337,0.0,0.0,0.0,0.11702127659574468,0.23404255319148937,3.0,0.3333333333333333,0.5773502691896258,0.0,0.0,0.0,0.5,1.0
Licensed Clinical Social Worker,1.0,0.0,,0.0,0.0,0.0,0.0,0.0,1.0,12.0,,12.0,12.0,12.0,12.0,12.0,1.0,0.0,,0.0,0.0,0.0,0.0,0.0,1.0,0.0,,0.0,0.0,0.0,0.0,0.0
Licensed Practical Nurse,3.0,14.666666666666666,14.047538337136984,0.0,8.0,16.0,22.0,28.0,3.0,743.3333333333334,640.3642192794139,11.0,516.0,1021.0,1109.5,1198.0,3.0,0.013593228893296424,0.01371359130628839,0.0,0.00667779632721202,0.01335559265442404,0.020389843339944636,0.02742409402546523,3.0,0.6666666666666666,0.5773502691896258,0.0,0.5,1.0,1.0,1.0
Maxillofacial Surgery,36.0,71.13888888888889,56.03578080261513,0.0,31.25,60.0,107.5,218.0,36.0,164.75,141.8909792763444,15.0,57.0,130.5,243.0,630.0,36.0,0.5135042677779462,0.2942247373428003,0.0,0.33758839791663486,0.4611063094209162,0.6396783406686019,1.0,36.0,0.9444444444444444,0.2323106841457232,0.0,1.0,1.0,1.0,1.0
Medical Genetics,1.0,0.0,,0.0,0.0,0.0,0.0,0.0,1.0,15.0,,15.0,15.0,15.0,15.0,15.0,1.0,0.0,,0.0,0.0,0.0,0.0,0.0,1.0,0.0,,0.0,0.0,0.0,0.0,0.0
"Medical Genetics, Ph.D. Medical Genetics",1.0,0.0,,0.0,0.0,0.0,0.0,0.0,1.0,365.0,,365.0,365.0,365.0,365.0,365.0,1.0,0.0,,0.0,0.0,0.0,0.0,0.0,1.0,0.0,,0.0,0.0,0.0,0.0,0.0
Medical Oncology,84.0,105.36904761904762,134.1160960629947,0.0,27.0,73.0,132.25,859.0,84.0,401.5357142857143,424.7609234411944,11.0,108.75,277.0,508.0,2004.0,84.0,0.2680307229214289,0.19186917727829936,0.0,0.1649856476970479,0.26244212962962965,0.35702082099412275,1.0,84.0,0.9285714285714286,0.2590861737702312,0.0,1.0,1.0,1.0,1.0
Midwife,1.0,0.0,,0.0,0.0,0.0,0.0,0.0,1.0,14.0,,14.0,14.0,14.0,14.0,14.0,1.0,0.0,,0.0,0.0,0.0,0.0,0.0,1.0,0.0,,0.0,0.0,0.0,0.0,0.0
Military Health Care Provider,1.0,0.0,,0.0,0.0,0.0,0.0,0.0,1.0,63.0,,63.0,63.0,63.0,63.0,63.0,1.0,0.0,,0.0,0.0,0.0,0.0,0.0,1.0,0.0,,0.0,0.0,0.0,0.0,0.0
Multispecialty Clinic/Group Practice,3.0,283.3333333333333,480.3928947573365,0.0,6.0,12.0,425.0,838.0,3.0,1429.0,2408.5624343163704,12.0,38.5,65.0,2137.5,4210.0,3.0,0.39968329374505146,0.5293300715635991,0.0,0.0995249406175772,0.1990498812351544,0.5995249406175772,1.0,3.0,0.6666666666666666,0.5773502691896258,0.0,0.5,1.0,1.0,1.0
Naturopath,15.0,2.8,8.134582261642485,0.0,0.0,0.0,0.0,30.0,15.0,25.533333333333335,18.554424449889755,11.0,11.5,13.0,40.5,57.0,15.0,0.1037037037037037,0.28627223592745454,0.0,0.0,0.0,0.0,1.0,15.0,0.13333333333333333,0.3518657752744984,0.0,0.0,0.0,0.0,1.0
Nephrology,233.0,32.467811158798284,72.82827015349461,0.0,0.0,0.0,27.0,529.0,233.0,1435.7854077253219,1672.7172881767733,12.0,453.0,930.0,1761.0,10866.0,233.0,0.016973123368643015,0.028967412155017448,0.0,0.0,0.0,0.024778761061946902,0.19736842105263158,233.0,0.5622317596566524,0.49718014967248614,0.0,0.0,1.0,1.0,1.0
Neurological Surgery,5.0,7.2,6.6105975524153635,0.0,0.0,11.0,12.0,13.0,5.0,27.4,23.158151912447593,11.0,12.0,13.0,37.0,64.0,5.0,0.6,0.5477225575051662,0.0,0.0,1.0,1.0,1.0,5.0,0.6,0.5477225575051662,0.0,0.0,1.0,1.0,1.0
Neurology,364.0,60.21153846153846,249.44976755484018,0.0,0.0,0.0,36.25,3168.0,364.0,1081.1456043956043,1304.3901473205426,11.0,224.25,734.0,1459.0,12326.0,364.0,0.03932390909618901,0.11564420395613781,0.0,0.0,0.0,0.03345300961845845,1.0,364.0,0.521978021978022,0.5002042993751973,0.0,0.0,1.0,1.0,1.0
"Neuromusculoskeletal Medicine, Sports Medicine",4.0,252.75,497.5321597645724,0.0,0.0,6.0,258.75,999.0,4.0,495.5,923.1213354700453,14.0,32.0,44.0,507.5,1880.0,4.0,0.19284574468085106,0.25246118190783967,0.0,0.0,0.12,0.312845744680851,0.5313829787234042,4.0,0.75,0.5,0.0,0.75,1.0,1.0,1.0
Neuropsychiatry,52.0,10.307692307692308,60.92571447891452,0.0,0.0,0.0,0.0,435.0,52.0,364.3269230769231,1000.7932877228602,11.0,22.75,65.5,186.25,5141.0,52.0,0.02467205542091855,0.10095688470946125,0.0,0.0,0.0,0.0,0.4915254237288136,52.0,0.07692307692307693,0.269069117598525,0.0,0.0,0.0,0.0,1.0
Neurosurgery,82.0,102.57317073170732,152.75349548345838,0.0,23.0,50.0,126.0,844.0,82.0,256.8170731707317,531.6077670393023,11.0,44.0,96.0,246.0,3070.0,82.0,0.5284505265268655,0.31276409755290957,0.0,0.3613481289951878,0.5434602649006622,0.7412327488499233,1.0,82.0,0.9024390243902439,0.2985461106541011,0.0,1.0,1.0,1.0,1.0
Nuclear Medicine,4.0,47.0,67.42403132415029,0.0,0.0,22.5,69.5,143.0,4.0,252.75,444.3139843248991,11.0,12.5,41.0,281.25,918.0,4.0,0.20198683338069529,0.30897758707583795,0.0,0.0,0.07788671023965142,0.27987354362034667,0.6521739130434783,4.0,0.5,0.5773502691896257,0.0,0.0,0.5,1.0,1.0
Nurse Practitioner,2511.0,69.41696535244922,222.03944091450037,0.0,0.0,0.0,47.0,3893.0,2511.0,875.389486260454,1554.962699118655,11.0,61.0,260.0,1010.5,26777.0,2511.0,0.11183653889273582,0.22502077535574236,0.0,0.0,0.0,0.08634944878466302,1.0,2511.0,0.5376344086021505,0.49868094870411583,0.0,0.0,1.0,1.0,1.0
Obstetrics/Gynecology,606.0,5.303630363036303,31.798490842436706,0.0,0.0,0.0,0.0,570.0,606.0,139.73597359735973,545.1497902514494,11.0,23.0,50.0,126.75,12063.0,606.0,0.04030461361778679,0.1517295420046625,0.0,0.0,0.0,0.0,1.0,606.0,0.23597359735973597,0.4249565375492893,0.0,0.0,0.0,0.0,1.0
Ophthalmology,514.0,5.243190661478599,22.090660316763593,0.0,0.0,0.0,0.0,276.0,514.0,682.0603112840467,742.9269509481583,11.0,136.0,415.0,968.25,4831.0,514.0,0.03507373919850116,0.14859678796229872,0.0,0.0,0.0,0.0,1.0,514.0,0.12840466926070038,0.33486575189323403,0.0,0.0,0.0,0.0,1.0
Optometry,571.0,0.028021015761821366,0.6695791605098997,0.0,0.0,0.0,0.0,16.0,571.0,180.7355516637478,533.1558625805753,11.0,26.0,68.0,182.0,9825.0,571.0,0.0008756567425569177,0.020924348765934367,0.0,0.0,0.0,0.0,0.5,571.0,0.005253940455341506,0.07235679357566113,0.0,0.0,0.0,0.0,1.0
Oral & Maxillofacial Surgery,8.0,54.375,70.68630398760831,0.0,0.0,18.5,100.0,190.0,8.0,74.375,69.96925345157992,11.0,25.75,32.0,137.75,190.0,8.0,0.4802550390785685,0.44579089897647906,0.0,0.0,0.5294117647058824,0.8374125874125874,1.0,8.0,0.875,0.3535533905932738,0.0,1.0,1.0,1.0,1.0
Oral Surgery (dentists only),140.0,70.71428571428571,89.30009914954866,0.0,20.75,48.0,89.5,667.0,140.0,176.05,189.2564901522487,12.0,57.25,118.5,213.5,1443.0,140.0,0.4285300781379417,0.2877447698243776,0.0,0.2699953474601362,0.3944967667498457,0.5669772012578617,1.0,140.0,0.9071428571428571,0.2912742674344506,0.0,1.0,1.0,1.0,1.0
Orthopaedic Surgery,33.0,25.393939393939394,44.18352308407753,0.0,11.0,14.0,22.0,246.0,33.0,38.27272727272727,54.01230920313022,11.0,14.0,22.0,41.0,313.0,33.0,0.6914841336685348,0.42572120896294163,0.0,0.3170731707317073,1.0,1.0,1.0,33.0,0.7575757575757576,0.4351941398892446,0.0,1.0,1.0,1.0,1.0
Orthopedic Surgery,572.0,153.24475524475525,211.336799841368,0.0,34.75,91.0,196.5,2838.0,572.0,307.465034965035,747.7432296445975,11.0,63.75,162.0,340.25,12306.0,572.0,0.6261203287867523,0.27150114247916335,0.0,0.4597390426758939,0.6404344512195121,0.8407621869108538,1.0,572.0,0.986013986013986,0.11753534243680541,0.0,1.0,1.0,1.0,1.0
Osteopathic Manipulative Medicine,18.0,213.72222222222223,479.6186972702814,0.0,0.0,34.0,71.75,1623.0,18.0,2072.222222222222,3669.111281328387,12.0,85.25,242.5,1502.25,13066.0,18.0,0.21265809046593934,0.33696775994117995,0.0,0.0,0.025968926219921546,0.2906932959463724,1.0,18.0,0.8333333333333334,0.3834824944236852,0.0,1.0,1.0,1.0,1.0
Otolaryngology,255.0,15.831372549019608,25.11358049490448,0.0,0.0,0.0,23.5,200.0,255.0,301.7686274509804,312.5057060834615,11.0,88.5,206.0,426.5,1938.0,255.0,0.07955395310392277,0.1729486389041716,0.0,0.0,0.0,0.08796319658205917,1.0,255.0,0.6392156862745098,0.4811724654271642,0.0,0.0,1.0,1.0,1.0
Pain Management,55.0,1135.0,1358.1579164169113,0.0,189.0,653.0,1306.0,5890.0,55.0,1884.490909090909,2299.7752214858456,11.0,378.5,1065.0,2185.0,10565.0,55.0,0.5884978831417301,0.20266900321124548,0.0,0.5228486459482597,0.6065045414591269,0.6938779729869435,1.0,55.0,0.9636363636363636,0.1889185954061582,0.0,1.0,1.0,1.0,1.0
Pathology,10.0,12.2,34.56973628286259,0.0,0.0,0.0,0.0,110.0,10.0,311.4,716.589174104971,11.0,20.75,61.5,140.0,2331.0,10.0,0.008248416483710603,0.017613793677417906,0.0,0.0,0.0,0.0,0.04719004719004719,10.0,0.3,0.48304589153964794,0.0,0.0,0.0,0.75,1.0
Pediatric Medicine,144.0,13.6875,47.46975021331675,0.0,0.0,0.0,0.0,358.0,144.0,316.30555555555554,999.3139414294957,11.0,12.75,36.0,99.25,9227.0,144.0,0.053074287706294083,0.19784473684811735,0.0,0.0,0.0,0.0,1.0,144.0,0.19444444444444445,0.3971538212470802,0.0,0.0,0.0,0.0,1.0
Pharmacist,40.0,9.325,32.790232676429106,0.0,0.0,0.0,0.0,163.0,40.0,192.025,200.3473250158974,11.0,27.75,125.5,267.75,800.0,40.0,0.054187016687016684,0.20477011583499322,0.0,0.0,0.0,0.0,1.0,40.0,0.175,0.38480764425479264,0.0,0.0,0.0,0.0,1.0
Pharmacy Technician,1.0,0.0,,0.0,0.0,0.0,0.0,0.0,1.0,44.0,,44.0,44.0,44.0,44.0,44.0,1.0,0.0,,0.0,0.0,0.0,0.0,0.0,1.0,0.0,,0.0,0.0,0.0,0.0,0.0
Physical Medicine and Rehabilitation,195.0,449.8051282051282,1267.9562469988712,0.0,13.5,94.0,358.5,14674.0,195.0,894.9282051282051,2310.292600956732,11.0,71.0,301.0,736.5,27490.0,195.0,0.40827955964542995,0.290908378559835,0.0,0.13460557328521966,0.44650205761316875,0.6043532582902662,1.0,195.0,0.9076923076923077,0.2902048826425833,0.0,1.0,1.0,1.0,1.0
Physical Therapist,5.0,0.0,0.0,0.0,0.0,0.0,0.0,0.0,5.0,20.4,14.467204291085407,11.0,12.0,12.0,22.0,45.0,5.0,0.0,0.0,0.0,0.0,0.0,0.0,0.0,5.0,0.0,0.0,0.0,0.0,0.0,0.0,0.0
Physician Assistant,1838.0,61.25843307943417,187.02018883314506,0.0,0.0,16.0,56.0,3591.0,1838.0,650.8492927094668,1252.5198673483726,11.0,45.0,146.0,653.25,14693.0,1838.0,0.24914005604887612,0.3442167706540911,0.0,0.0,0.04869920181635306,0.4782078472958643,1.0,1838.0,0.6860718171926007,0.4642138762190577,0.0,0.0,1.0,1.0,1.0
Plastic Surgery,11.0,15.818181818181818,10.74074654591739,0.0,12.0,14.0,22.5,35.0,11.0,54.63636363636363,71.01024253904887,11.0,12.5,36.0,52.5,256.0,11.0,0.46893092860422403,0.3992076999999245,0.0,0.14747869318181817,0.3977272727272727,0.8111111111111111,1.0,11.0,0.9090909090909091,0.30151134457776363,0.0,1.0,1.0,1.0,1.0
Plastic and Reconstructive Surgery,99.0,29.09090909090909,33.43897606975567,0.0,11.0,21.0,37.5,235.0,99.0,68.58585858585859,73.49010902502737,11.0,21.5,44.0,81.5,405.0,99.0,0.4446425949348718,0.32577792111624493,0.0,0.20129104974640094,0.43037974683544306,0.6626016260162602,1.0,99.0,0.8686868686868687,0.3394612973180146,0.0,1.0,1.0,1.0,1.0
Podiatry,367.0,23.8283378746594,39.995634505158534,0.0,0.0,11.0,31.0,315.0,367.0,128.46049046321525,162.17312796740237,11.0,24.0,63.0,160.5,1009.0,367.0,0.198658963682212,0.2818664443465867,0.0,0.0,0.0329512893982808,0.30812338121026606,1.0,367.0,0.6103542234332425,0.4883356756437428,0.0,0.0,1.0,1.0,1.0
Preferred Provider Organization,2.0,11.5,0.7071067811865476,11.0,11.25,11.5,11.75,12.0,2.0,77.5,94.04520189781083,11.0,44.25,77.5,110.75,144.0,2.0,0.5416666666666666,0.6481812160876685,0.08333333333333333,0.3125,0.5416666666666666,0.7708333333333334,1.0,2.0,1.0,0.0,1.0,1.0,1.0,1.0,1.0
Preventive Medicine,16.0,4.25,9.262828941527529,0.0,0.0,0.0,0.0,26.0,16.0,782.125,2596.7472954961686,11.0,13.5,56.0,202.0,10493.0,16.0,0.06420112418963915,0.2496234796781359,0.0,0.0,0.0,0.0,1.0,16.0,0.375,0.5,0.0,0.0,0.0,1.0,1.0
Psychiatry,686.0,5.088921282798834,35.662644296949274,0.0,0.0,0.0,0.0,616.0,686.0,1446.795918367347,2324.6961686504455,11.0,149.0,648.5,1749.25,30019.0,686.0,0.0027043791697101624,0.018947554466925233,0.0,0.0,0.0,0.0,0.38189708617482954,686.0,0.11078717201166181,0.3140974206748896,0.0,0.0,0.0,0.0,1.0
Psychiatry & Neurology,263.0,0.5095057034220533,3.327955975687236,0.0,0.0,0.0,0.0,31.0,263.0,315.5703422053232,669.8986947699351,11.0,29.0,76.0,244.0,5206.0,263.0,0.0026426582824673806,0.02715830564583502,0.0,0.0,0.0,0.0,0.4222222222222222,263.0,0.053231939163498096,0.2249236753642334,0.0,0.0,0.0,0.0,1.0
Psychologist,1.0,0.0,,0.0,0.0,0.0,0.0,0.0,1.0,47.0,,47.0,47.0,47.0,47.0,47.0,1.0,0.0,,0.0,0.0,0.0,0.0,0.0,1.0,0.0,,0.0,0.0,0.0,0.0,0.0
Psychologist (billing independently),3.0,9.0,15.588457268119896,0.0,0.0,0.0,13.5,27.0,3.0,691.6666666666666,1152.1112504152252,22.0,26.5,31.0,1026.5,2022.0,3.0,0.004451038575667656,0.007709424959505388,0.0,0.0,0.0,0.0066765578635014835,0.013353115727002967,3.0,0.6666666666666666,0.5773502691896258,0.0,0.5,1.0,1.0,1.0
Pulmonary Disease,262.0,18.431297709923665,82.23870180256718,0.0,0.0,0.0,0.0,866.0,262.0,1173.8893129770993,2238.124296595653,11.0,198.75,665.0,1357.75,29691.0,262.0,0.010172694314379059,0.06406740656164814,0.0,0.0,0.0,0.0,1.0,262.0,0.29770992366412213,0.45812639405295513,0.0,0.0,0.0,1.0,1.0
Radiation Oncology,87.0,21.655172413793103,36.49174088979042,0.0,0.0,12.0,25.5,213.0,87.0,118.48275862068965,504.06030144217476,11.0,18.0,45.0,82.0,4721.0,87.0,0.3063218782398103,0.3487855581489558,0.0,0.0,0.24691358024691357,0.5023809523809524,1.0,87.0,0.7586206896551724,0.4304004960601476,0.0,1.0,1.0,1.0,1.0
Registered Nurse,29.0,37.06896551724138,145.21288093064382,0.0,0.0,0.0,0.0,772.0,29.0,453.8965517241379,733.6173265220765,11.0,13.0,61.0,610.0,3310.0,29.0,0.11246773310183757,0.28513772784504277,0.0,0.0,0.0,0.0,1.0,29.0,0.20689655172413793,0.4122508203948855,0.0,0.0,0.0,0.0,1.0
Rehabilitation Agency,2.0,15.0,21.213203435596427,0.0,7.5,15.0,22.5,30.0,2.0,192.5,256.6797615707168,11.0,101.75,192.5,283.25,374.0,2.0,0.040106951871657755,0.05671979528234339,0.0,0.020053475935828877,0.040106951871657755,0.060160427807486636,0.08021390374331551,2.0,0.5,0.7071067811865476,0.0,0.25,0.5,0.75,1.0
Rheumatology,130.0,287.46153846153845,467.50089588847794,0.0,35.0,138.5,335.0,3250.0,130.0,1857.5076923076922,2078.3645338581214,12.0,568.25,1226.0,2294.5,15112.0,130.0,0.12011526930874927,0.0800126076068657,0.0,0.06682560799448535,0.11369978651857847,0.17466941303377473,0.32964051548722584,130.0,0.9230769230769231,0.2675001880861359,0.0,1.0,1.0,1.0,1.0
Sleep Medicine,5.0,8.0,17.88854381999832,0.0,0.0,0.0,0.0,40.0,5.0,152.4,173.86431491252023,11.0,45.0,93.0,168.0,445.0,5.0,0.01797752808988764,0.04019897487640071,0.0,0.0,0.0,0.0,0.0898876404494382,5.0,0.2,0.447213595499958,0.0,0.0,0.0,0.0,1.0
Slide Preparation Facility,1.0,0.0,,0.0,0.0,0.0,0.0,0.0,1.0,103.0,,103.0,103.0,103.0,103.0,103.0,1.0,0.0,,0.0,0.0,0.0,0.0,0.0,1.0,0.0,,0.0,0.0,0.0,0.0,0.0
Specialist,57.0,20.719298245614034,85.92308736513075,0.0,0.0,0.0,0.0,601.0,57.0,165.33333333333334,388.8739390550496,11.0,13.0,26.0,139.0,2477.0,57.0,0.12832184426098933,0.29845580054633425,0.0,0.0,0.0,0.0,1.0,57.0,0.24561403508771928,0.4342769752451426,0.0,0.0,0.0,0.0,1.0
Specialist/Technologist,2.0,0.0,0.0,0.0,0.0,0.0,0.0,0.0,2.0,32.0,28.284271247461902,12.0,22.0,32.0,42.0,52.0,2.0,0.0,0.0,0.0,0.0,0.0,0.0,0.0,2.0,0.0,0.0,0.0,0.0,0.0,0.0,0.0
Sports Medicine,16.0,40.5625,51.04895526191827,0.0,0.0,19.0,57.75,164.0,16.0,99.8125,112.357891726987,12.0,23.75,64.5,100.5,383.0,16.0,0.35411224118427487,0.33447710282125026,0.0,0.0,0.3178526163317038,0.5613793103448277,1.0,16.0,0.75,0.4472135954999579,0.0,0.75,1.0,1.0,1.0
Student in an Organized Health Care Education/Training Program,545.0,8.08440366972477,17.578715689091958,0.0,0.0,0.0,12.0,139.0,545.0,115.67706422018348,189.88269968173555,11.0,17.0,42.0,129.0,1582.0,545.0,0.1857799726094539,0.35705880351814684,0.0,0.0,0.0,0.11702127659574468,1.0,545.0,0.44770642201834865,0.49771469101638416,0.0,0.0,0.0,1.0,1.0
Surgery,5.0,10.4,5.9413803110051795,0.0,11.0,13.0,14.0,14.0,5.0,24.8,18.780308836651223,13.0,14.0,14.0,26.0,57.0,5.0,0.6385964912280702,0.4995535094797025,0.0,0.19298245614035087,1.0,1.0,1.0,5.0,0.8,0.4472135954999579,0.0,1.0,1.0,1.0,1.0
Surgical Oncology,12.0,34.25,20.56088519495209,14.0,20.0,26.0,45.25,77.0,12.0,149.75,201.69244137818083,16.0,40.25,58.5,128.75,611.0,12.0,0.5889580080884445,0.3809501258952081,0.02697495183044316,0.27273257986175975,0.5956439393939394,1.0,1.0,12.0,1.0,0.0,1.0,1.0,1.0,1.0,1.0
Thoracic Surgery,35.0,33.8,32.21508598011004,0.0,13.0,23.0,47.5,151.0,35.0,133.88571428571427,205.69720342240512,11.0,30.0,53.0,134.0,933.0,35.0,0.507192598366831,0.3754869547138177,0.0,0.18508842443729906,0.43548387096774194,1.0,1.0,35.0,0.8857142857142857,0.32280285109067564,0.0,1.0,1.0,1.0,1.0
Thoracic Surgery (Cardiothoracic Vascular Surgery),2.0,0.0,0.0,0.0,0.0,0.0,0.0,0.0,2.0,27.0,21.213203435596427,12.0,19.5,27.0,34.5,42.0,2.0,0.0,0.0,0.0,0.0,0.0,0.0,0.0,2.0,0.0,0.0,0.0,0.0,0.0,0.0,0.0
Unknown Physician Specialty Code,4.0,18.5,17.86057109949175,0.0,8.25,16.0,26.25,42.0,4.0,372.5,633.3985054187187,11.0,31.25,79.5,420.75,1320.0,4.0,0.3961124401913876,0.47567278586810563,0.0,0.02386363636363636,0.29222488038277517,0.6644736842105263,1.0,4.0,1.0,0.0,1.0,1.0,1.0,1.0,1.0
Unknown Supplier/Provider,1.0,24.0,,24.0,24.0,24.0,24.0,24.0,1.0,276.0,,276.0,276.0,276.0,276.0,276.0,1.0,0.08695652173913043,,0.08695652173913043,0.08695652173913043,0.08695652173913043,0.08695652173913043,0.08695652173913043,1.0,1.0,,1.0,1.0,1.0,1.0,1.0
Urology,328.0,37.9390243902439,55.100041916760475,0.0,0.0,23.0,52.25,580.0,328.0,887.8963414634146,863.6502266500545,11.0,284.0,734.0,1244.5,7544.0,328.0,0.06585780647230398,0.11996841831950507,0.0,0.0,0.032915733482642776,0.06554071746530506,1.0,328.0,0.7896341463414634,0.4081911920020019,0.0,1.0,1.0,1.0,1.0
Vascular Surgery,65.0,40.96923076923077,43.298372238013044,0.0,0.0,31.0,61.0,213.0,65.0,155.33846153846153,158.71232593546776,11.0,49.0,92.0,201.0,806.0,65.0,0.31148526457135084,0.29977400849724184,0.0,0.0,0.30666666666666664,0.4794520547945205,1.0,65.0,0.8,0.4031128874149275,0.0,1.0,1.0,1.0,1.0
